{
    "test_accuracy": 0.7333333333333333,
    "test_macro_f1": 0.731461227113401,
    "confusion_matrix": [
        [
            47,
            6,
            2
        ],
        [
            6,
            38,
            11
        ],
        [
            7,
            12,
            36
        ]
    ],
    "all_model_test_f1": {
        "logistic_regression": 0.731461227113401,
        "decision_tree": 0.47021602903965304,
        "mlp": 0.649522185737139
    }
}