{
    "test_accuracy": 0.7212121212121212,
    "test_macro_f1": 0.7183970417422412,
    "confusion_matrix": [
        [
            48,
            4,
            3
        ],
        [
            4,
            37,
            14
        ],
        [
            8,
            13,
            34
        ]
    ],
    "all_model_test_f1": {
        "logistic_regression": 0.7183970417422412,
        "decision_tree": 0.5619639700298765,
        "mlp": 0.6524886836904961
    }
}